trap_date,harvest_date,line,line_ID,trap_mass,total_mass,egg_mass
27-Jul-20,30-Jul-20,A,,7.457,7.587,0.13
27-Jul-20,30-Jul-20,A,,7.8722,9.884,2.0118
27-Jul-20,30-Jul-20,C,,7.7308,8.3385,0.6077
27-Jul-20,30-Jul-20,C,,9.23,9.6876,0.4576
27-Jul-20,30-Jul-20,C,,7.86,8.0278,0.1678
27-Jul-20,30-Jul-20,C,,8.536,8.6459,0.1099
27-Jul-20,30-Jul-20,D,,9.04,9.5466,0.5066
27-Jul-20,30-Jul-20,D,,7.95,8.4915,0.5415
27-Jul-20,30-Jul-20,M,,7.31,7.6552,0.3452
30-Jul-20,3-Aug-20,A,,7.5078,8.0929,0.5851
30-Jul-20,3-Aug-20,B,1,9.1182,15.6015,6.4833
30-Jul-20,3-Aug-20,C,,8.66,8.6918,0.0318
30-Jul-20,3-Aug-20,C,,7.2077,7.289,0.0813
30-Jul-20,3-Aug-20,C,,6.6077,6.6565,0.0488
30-Jul-20,3-Aug-20,D,,7.0298,7.1094,0.0796
30-Jul-20,3-Aug-20,M,,6.5763,6.7352,0.1589
3-Aug-20,5-Aug-20,B,1,10.5053,15.1436,4.6383
5-Aug-20,7-Aug-20,B,1,9.2592,15.9338,6.6746
5-Aug-20,7-Aug-20,C,1,10.3215,12.3695,2.048
5-Aug-20,7-Aug-20,D,1,9.9812,10.916,0.9348
7-Aug-20,11-Aug-20,B,1,8.3517,11.8512,3.4995
7-Aug-20,11-Aug-20,C,1,6.557,8.877,2.32
7-Aug-20,11-Aug-20,D,1,7.99,9.3295,1.3395
11-Aug-20,12-Aug-20,B,1,10.86,11.6692,0.8092
12-Aug-20,14-Aug-20,B,1,40.7314,41.4939,0.7625
12-Aug-20,14-Aug-20,C,1,8.09,8.9338,0.8438
11-Aug-20,14-Aug-20,M,,7.7613,7.9986,0.2373
14-Aug-20,17-Aug-20,D,3,7.0967,7.5246,0.4279
14-Aug-20,17-Aug-20,D,2,7.8217,9.0223,1.2006
17-Aug-20,18-Aug-20,D,3,32.915,33.2309,0.3159
17-Aug-20,19-Aug-20,C,2,7.2527,7.7362,0.4835
17-Aug-20,19-Aug-20,C,3,7.2163,7.6639,0.4476
17-Aug-20,19-Aug-20,C,4,7.3503,8.1298,0.7795
17-Aug-20,19-Aug-20,D,2,7.6602,8.9012,1.241
17-Aug-20,19-Aug-20,D,3,7.1098,7.5071,0.3973
19-Aug-20,21-Aug-20,C,2,8.0218,9.1881,1.1663
19-Aug-20,21-Aug-20,C,3,8.1105,9.6663,1.5558
19-Aug-20,21-Aug-20,C,4,7.2934,9.599,2.3056
19-Aug-20,21-Aug-20,D,2,6.755,8.7596,2.0046
19-Aug-20,21-Aug-20,D,3,8.5409,8.8166,0.2757
19-Aug-20,21-Aug-20,D,4,7.0875,9.0233,1.9358
19-Aug-20,21-Aug-20,D,6,6.122,7.2977,1.1757
19-Aug-20,21-Aug-20,D,7,7.7345,8.7435,1.009
19-Aug-20,21-Aug-20,D,11,7.4082,10.5665,3.1583
21-Aug-20,24-Aug-20,C,2,6.88,7.3522,0.4722
21-Aug-20,24-Aug-20,C,3,4.884,5.4486,0.5646
21-Aug-20,24-Aug-20,C,4,9.81,10.9332,1.1232
21-Aug-20,24-Aug-20,D,2,7.836,11.7317,3.8957
21-Aug-20,24-Aug-20,D,3,8.179,8.5388,0.3598
21-Aug-20,24-Aug-20,D,4,6.37,8.2075,1.8375
21-Aug-20,24-Aug-20,D,5,8.3439,10.5591,2.2152
21-Aug-20,24-Aug-20,D,6,10.1635,12.0651,1.9016
21-Aug-20,24-Aug-20,D,7,7.2229,8.4194,1.1965
21-Aug-20,24-Aug-20,D,8,6.3891,8.453,2.0639
21-Aug-20,24-Aug-20,D,9,7.3835,9.447,2.0635
21-Aug-20,24-Aug-20,D,10,7.1112,8.5829,1.4717
21-Aug-20,24-Aug-20,D,11,9.33,11.6576,2.3276
24-Aug-20,26-Aug-20,C,2,7.6824,8.0858,0.4034
24-Aug-20,26-Aug-20,C,3,8.1903,8.8095,0.6192
24-Aug-20,26-Aug-20,C,4,7.4562,8.6305,1.1743
24-Aug-20,26-Aug-20,D,2,7.2048,9.611,2.4062
24-Aug-20,26-Aug-20,D,3,8.0644,8.4752,0.4108
24-Aug-20,26-Aug-20,D,4,8.1994,10.0932,1.8938
24-Aug-20,26-Aug-20,D,5,7.8405,9.6028,1.7623
24-Aug-20,26-Aug-20,D,6,7.3674,8.6923,1.3249
24-Aug-20,26-Aug-20,D,7,8.9923,9.8725,0.8802
24-Aug-20,26-Aug-20,D,8,7.4858,9.0162,1.5304
24-Aug-20,26-Aug-20,D,9,7.6466,9.7443,2.0977
24-Aug-20,26-Aug-20,D,10,7.5992,9.8326,2.2334
24-Aug-20,26-Aug-20,D,11,7.5031,8.8356,1.3325
26-Aug-20,28-Aug-20,C,2,8.0684,8.9038,0.8354
26-Aug-20,28-Aug-20,C,3,7.666,9.1064,1.4404
26-Aug-20,28-Aug-20,C,4,7.6159,9.7509,2.135
26-Aug-20,28-Aug-20,C,5,7.9612,8.1948,0.2336
26-Aug-20,28-Aug-20,C,6,7.7451,8.8606,1.1155
26-Aug-20,28-Aug-20,D,2,8.1561,8.3278,0.1717
26-Aug-20,28-Aug-20,D,3,7.6063,7.6445,0.0382
26-Aug-20,28-Aug-20,D,4,7.5524,9.1932,1.6408
26-Aug-20,28-Aug-20,D,5,7.8425,10.6058,2.7633
26-Aug-20,28-Aug-20,D,6,8.0128,8.8281,0.8153
26-Aug-20,28-Aug-20,D,7,7.9867,8.576,0.5893
26-Aug-20,28-Aug-20,D,8,7.8236,9.5664,1.7428
26-Aug-20,28-Aug-20,D,9,7.9877,10.6247,2.637
26-Aug-20,28-Aug-20,D,10,7.6052,9.8965,2.2913
26-Aug-20,28-Aug-20,D,11,7.9657,9.2273,1.2616
28-Aug-20,31-Aug-20,C,3,7.6755,9.1677,1.4922
28-Aug-20,31-Aug-20,C,4,6.9686,8.293,1.3244
28-Aug-20,31-Aug-20,C,5,8.3654,9.4812,1.1158
28-Aug-20,31-Aug-20,C,6,7.4489,9.1973,1.7484
28-Aug-20,31-Aug-20,C,7,7.4672,8.8021,1.3349
28-Aug-20,31-Aug-20,D,2,8.0965,8.3083,0.2118
28-Aug-20,31-Aug-20,D,4,7.1453,9.4911,2.3458
28-Aug-20,31-Aug-20,D,5,8.5044,11.6327,3.1283
28-Aug-20,31-Aug-20,D,8,7.0241,9.4139,2.3898
28-Aug-20,31-Aug-20,D,9,7.4267,9.8166,2.3899
28-Aug-20,31-Aug-20,D,10,7.4383,12.066,4.6277
28-Aug-20,31-Aug-20,D,11,7.6245,8.8962,1.2717
31-Aug-20,2-Sep-20,C,2,8.0834,8.3522,0.2688
31-Aug-20,2-Sep-20,C,3,7.782,8.1443,0.3623
31-Aug-20,2-Sep-20,C,4,8.184,8.8899,0.7059
31-Aug-20,2-Sep-20,C,5,7.6451,7.8401,0.195
31-Aug-20,2-Sep-20,C,6,8.2852,9.3281,1.0429
31-Aug-20,2-Sep-20,C,7,6.6541,7.7466,1.0925
31-Aug-20,2-Sep-20,D,4,7.4471,9.062,1.6149
31-Aug-20,2-Sep-20,D,5,8.5833,9.9528,1.3695
31-Aug-20,2-Sep-20,D,6,7.9014,9.3025,1.4011
31-Aug-20,2-Sep-20,D,7,7.2985,8.1846,0.8861
31-Aug-20,2-Sep-20,D,8,7.6396,9.4526,1.813
31-Aug-20,2-Sep-20,D,9,6.8702,8.7244,1.8542
31-Aug-20,2-Sep-20,D,10,7.4709,9.7262,2.2553
31-Aug-20,2-Sep-20,D,11,7.4481,7.4481,0
2-Sep-20,4-Sep-20,C,5,5.6359,5.798,0.1621
2-Sep-20,4-Sep-20,C,7,6.0498,6.2878,0.238
2-Sep-20,4-Sep-20,D,5,5.6124,6.076,0.4636
2-Sep-20,4-Sep-20,D,6,5.7925,6.25,0.4575
2-Sep-20,4-Sep-20,D,7,5.7361,5.9951,0.259
2-Sep-20,4-Sep-20,D,8,7.01,7.6943,0.6843
2-Sep-20,4-Sep-20,D,9,5.291,5.8312,0.5402
2-Sep-20,4-Sep-20,D,10,6.7567,7.7727,1.016
2-Sep-20,4-Sep-20,M,,7.2803,8.5324,1.2521
2-Sep-20,4-Sep-20,M,,5.6038,5.9448,0.341
4-Sep-20,7-Sep-20,D,4,5.0462,5.4976,0.4514
4-Sep-20,7-Sep-20,D,5,6.3898,6.6422,0.2524
4-Sep-20,7-Sep-20,D,6,5.1962,5.2911,0.0949
4-Sep-20,7-Sep-20,D,7,5.076,5.1656,0.0896
4-Sep-20,7-Sep-20,D,8,5.1656,5.3877,0.2221
4-Sep-20,7-Sep-20,D,9,5.2127,5.4006,0.1879
4-Sep-20,7-Sep-20,D,10,5.259,5.9919,0.7329
4-Sep-20,7-Sep-20,D,11,5.4486,5.7771,0.3285
4-Sep-20,7-Sep-20,D,12,5.48654,5.6763,0.18976
4-Sep-20,7-Sep-20,D,14,6.1886,6.282,0.0934
4-Sep-20,7-Sep-20,D,15,5.3358,5.3743,0.0385
4-Sep-20,7-Sep-20,C,6,7.0114,10.0324,3.021
4-Sep-20,7-Sep-20,C,9,5.6097,5.8606,0.2509
4-Sep-20,7-Sep-20,C,5,5.5064,7.3228,1.8164
7-Sep-20,5-Sep-20,C,5,7.3007,8.1149,0.8142
7-Sep-20,5-Sep-20,C,6,5.1558,6.2907,1.1349
7-Sep-20,5-Sep-20,C,8,6.3738,7.2577,0.8839
7-Sep-20,5-Sep-20,C,NA,NA,NA,1.2815
7-Sep-20,5-Sep-20,D,4,6.4396,6.4792,0.0396
7-Sep-20,5-Sep-20,D,5,4.7249,4.8608,0.1359
7-Sep-20,5-Sep-20,D,9,6.2312,6.2536,0.0224
7-Sep-20,5-Sep-20,D,10,5.5887,5.7359,0.1472
7-Sep-20,5-Sep-20,D,11,6.068,6.2531,0.1851
7-Sep-20,5-Sep-20,D,12,6.0921,6.6015,0.5094
7-Sep-20,5-Sep-20,D,14,5.86,6.5331,0.6731
7-Sep-20,5-Sep-20,D,15,6.2446,6.5198,0.2752
9-Sep-20,11-Sep-20,A,5,6.02,6.0847,0.0647
9-Sep-20,11-Sep-20,B,NA,6.8269,6.9732,0.1463
9-Sep-20,11-Sep-20,B,2,7.2142,7.5732,0.359
9-Sep-20,11-Sep-20,B,3,6.6286,7.0798,0.4512
9-Sep-20,11-Sep-20,C,NA,7.901,10.9374,3.0364
9-Sep-20,11-Sep-20,C,5,6.6467,6.6869,0.0402
9-Sep-20,11-Sep-20,C,6,5.7744,5.8708,0.0964
9-Sep-20,11-Sep-20,C,8,7.8889,8.4122,0.5233
9-Sep-20,11-Sep-20,C,9,5.302,5.4742,0.1722
9-Sep-20,11-Sep-20,C,10,7.658,8.416,0.758
9-Sep-20,11-Sep-20,C,11,5.7695,5.9722,0.2027
9-Sep-20,11-Sep-20,C,12,7.3835,7.4701,0.0866
9-Sep-20,11-Sep-20,C,13,6.831,7.1867,0.3557
9-Sep-20,11-Sep-20,C,21,8.1563,9.3382,1.1819
9-Sep-20,11-Sep-20,D,12,7.3321,7.8601,0.528
9-Sep-20,11-Sep-20,D,13,7.6561,8.3387,0.6826
9-Sep-20,11-Sep-20,D,16,7.019,7.4359,0.4169
9-Sep-20,11-Sep-20,D,17,6.5553,7.3218,0.7665
9-Sep-20,11-Sep-20,D,23,6.8784,8.409,1.5306
9-Sep-20,11-Sep-20,D,27,7.1353,7.77,0.6347
11-Sep-20,14-Sep-20,C,21,6.4392,7.692,1.2528
11-Sep-20,14-Sep-20,C,9,5.5747,5.7689,0.1942
11-Sep-20,14-Sep-20,C,13,8.1685,9.1541,0.9856
11-Sep-20,14-Sep-20,C,12,6.5782,6.7514,0.1732
11-Sep-20,14-Sep-20,C,10,7.1497,8.415,1.2653
11-Sep-20,14-Sep-20,C,18,6.4948,7.074,0.5792
11-Sep-20,14-Sep-20,C,11,7.477,7.945,0.468
11-Sep-20,14-Sep-20,B,2,6.4383,6.6035,0.1652
11-Sep-20,14-Sep-20,B,3,7.573,7.9015,0.3285
11-Sep-20,14-Sep-20,E,1,7.5538,8.9268,1.373
11-Sep-20,14-Sep-20,A,3,6.4942,6.998,0.5038
11-Sep-20,14-Sep-20,A,2,7.1826,8.2008,1.0182
11-Sep-20,14-Sep-20,A,1,7.5284,8.0457,0.5173
11-Sep-20,14-Sep-20,A,5,7.0708,7.2299,0.1591
11-Sep-20,14-Sep-20,A,10,7.4361,9.0947,1.6586
11-Sep-20,14-Sep-20,D,15,7.1535,7.3681,0.2146
11-Sep-20,14-Sep-20,D,12,7.1296,7.3945,0.2649
11-Sep-20,14-Sep-20,D,23,7.3943,8.316,0.9217
11-Sep-20,14-Sep-20,D,13,7.8976,8.4328,0.5352
11-Sep-20,14-Sep-20,D,27,8.2715,9.1402,0.8687
11-Sep-20,14-Sep-20,D,17,7.0651,7.7727,0.7076
14-Sep-20,16-Sep-20,E,1,7.124,8.6934,1.5694
14-Sep-20,16-Sep-20,E,2,6.3977,6.5956,0.1979
14-Sep-20,16-Sep-20,D,16,7.117,7.393,0.276
14-Sep-20,16-Sep-20,D,17,6.4097,6.9165,0.5068
14-Sep-20,16-Sep-20,D,27,7.3886,8.0279,0.6393
14-Sep-20,16-Sep-20,D,23,6.6865,6.997,0.3105
14-Sep-20,16-Sep-20,D,14,6.6821,6.8024,0.1203
14-Sep-20,16-Sep-20,A,1,6.9367,7.095,0.1583
14-Sep-20,16-Sep-20,A,2,6.7179,7.5975,0.8796
14-Sep-20,16-Sep-20,A,3,6.8065,7.7469,0.9404
14-Sep-20,16-Sep-20,A,4,9.7117,9.8483,0.1366
14-Sep-20,16-Sep-20,A,5,6.743,6.7899,0.0469
14-Sep-20,16-Sep-20,A,10,7.1099,8.1957,1.0858
14-Sep-20,16-Sep-20,C,8,6.6204,6.7928,0.1724
14-Sep-20,16-Sep-20,C,13,6.5019,6.7734,0.2715
14-Sep-20,16-Sep-20,C,10,6.9013,7.9969,1.0956
14-Sep-20,16-Sep-20,C,18,7.2232,7.4925,0.2693
14-Sep-20,16-Sep-20,C,11,6.5628,6.9459,0.3831
14-Sep-20,16-Sep-20,C,21,6.9281,7.7803,0.8522
15-Sep-20,18-Sep-20,B,3,6.749,7.07,0.321
16-Sep-20,18-Sep-20,B,3,8.3121,8.5956,0.2835
16-Sep-20,18-Sep-20,E,2,8.0836,11.8377,3.7541
16-Sep-20,18-Sep-20,E,1,9.1132,10.1143,1.0011
16-Sep-20,18-Sep-20,A,8,6.1381,6.6368,0.4987
16-Sep-20,18-Sep-20,A,3,8.7671,10.1169,1.3498
16-Sep-20,18-Sep-20,A,6,7.9616,8.022,0.0604
16-Sep-20,18-Sep-20,A,9,6.7769,7.1554,0.3785
16-Sep-20,18-Sep-20,A,7,9.3225,9.9566,0.6341
16-Sep-20,18-Sep-20,A,10,9.8182,15.0443,5.2261
16-Sep-20,18-Sep-20,A,1,9.1446,9.223,0.0784
16-Sep-20,18-Sep-20,A,4,11.3595,11.6409,0.2814
16-Sep-20,18-Sep-20,A,2,7.8577,10.0509,2.1932
16-Sep-20,18-Sep-20,C,10,10.9507,14.5317,3.581
16-Sep-20,18-Sep-20,C,11,9.1314,10.161,1.0296
16-Sep-20,18-Sep-20,C,13,8.9676,10.1314,1.1638
16-Sep-20,18-Sep-20,C,18,8.9889,9.9098,0.9209
16-Sep-20,18-Sep-20,C,8,6.8212,6.8658,0.0446
16-Sep-20,18-Sep-20,C,21,9.6528,13.6405,3.9877
16-Sep-20,18-Sep-20,C,16,6.7493,7.3868,0.6375
16-Sep-20,18-Sep-20,C,17,6.9913,7.0048,0.0135
16-Sep-20,18-Sep-20,C,12,8.4548,8.9622,0.5074
16-Sep-20,18-Sep-20,C,15,8.3754,9.4313,1.0559
16-Sep-20,18-Sep-20,D,13,6.5125,7.0898,0.5773
16-Sep-20,18-Sep-20,D,16,8.9112,9.3231,0.4119
16-Sep-20,18-Sep-20,D,23,9.8524,10.8123,0.9599
16-Sep-20,18-Sep-20,D,14,7.2017,7.2888,0.0871
16-Sep-20,18-Sep-20,D,20,8.218,8.3851,0.1671
16-Sep-20,18-Sep-20,D,27,11.2126,12.9703,1.7577
16-Sep-20,18-Sep-20,D,26,10.8917,11.0663,0.1746
16-Sep-20,18-Sep-20,D,25,7.1051,7.0985,0.1
16-Sep-20,18-Sep-20,D,17,8.9199,11.264,2.3441
16-Sep-20,18-Sep-20,D,12,6.8152,7.3137,0.4985
18-Sep-20,21-Sep-20,E,1,9.3474,9.7707,0.4233
18-Sep-20,21-Sep-20,A,2,8.2056,9.7561,1.5505
18-Sep-20,21-Sep-20,A,1,9.0779,10.1383,1.0604
18-Sep-20,21-Sep-20,A,10,8.308,10.4404,2.1324
18-Sep-20,21-Sep-20,A,4,6.6725,7.114,0.4415
18-Sep-20,21-Sep-20,A,8,8.4,9.4184,1.0184
18-Sep-20,21-Sep-20,C,17,10.1229,10.4489,0.326
18-Sep-20,21-Sep-20,C,15,9.522,9.9218,0.3998
18-Sep-20,21-Sep-20,C,13,9.3958,9.8396,0.4438
18-Sep-20,21-Sep-20,C,14,6.3827,7.7571,1.3744
18-Sep-20,21-Sep-20,C,11,9.3914,9.6103,0.2189
18-Sep-20,21-Sep-20,C,18,7.0622,7.4106,0.3484
18-Sep-20,21-Sep-20,D,12,5.949,7.9381,1.9891
18-Sep-20,21-Sep-20,D,16,7.3358,7.7413,0.4055
18-Sep-20,21-Sep-20,D,23,8.3506,9.0848,0.7342
18-Sep-20,21-Sep-20,D,27,7.9681,8.2165,0.2484
18-Sep-20,21-Sep-20,D,20,10.9596,11.8121,0.8525
18-Sep-20,21-Sep-20,D,25,9.2235,10.3871,1.1636
18-Sep-20,21-Sep-20,D,17,6.4016,8.5032,2.1016
18-Sep-20,21-Sep-20,D,26,8.7145,10.9547,2.2402
18-Sep-20,21-Sep-20,D,14,6.2986,6.876,0.5774
18-Sep-20,21-Sep-20,B,3,9.9532,10.3533,0.4001
18-Sep-20,21-Sep-20,E,2,9.3575,14.4838,5.1263
18-Sep-20,21-Sep-20,C,12,7.2659,7.42,0.1541
18-Sep-20,21-Sep-20,C,10,8.5092,9.8692,1.36
18-Sep-20,21-Sep-20,C,16,6.426,6.4837,0.0577
18-Sep-20,21-Sep-20,C,8,5.7189,5.9482,0.2293
18-Sep-20,21-Sep-20,C,21,8.7727,11.0341,2.2614
18-Sep-20,21-Sep-20,A,7,9.3432,12.5527,3.2095
18-Sep-20,21-Sep-20,A,3,9.7333,11.9031,2.1698
18-Sep-20,21-Sep-20,A,9,10.465,11.288,0.823
18-Sep-20,21-Sep-20,A,6,8.9846,9.5455,0.5609
21-Sep-20,23-Sep-20,B,13,6.4269,6.5427,0.1158
21-Sep-20,23-Sep-20,D,12,7.3833,7.9373,0.554
21-Sep-20,23-Sep-20,D,23,7.5233,7.8313,0.308
21-Sep-20,23-Sep-20,D,14,6.5264,6.8169,0.2905
21-Sep-20,23-Sep-20,D,20,7.1684,8.18,1.0116
21-Sep-20,23-Sep-20,D,18,6.6428,6.6669,0.0241
21-Sep-20,23-Sep-20,D,27,6.1605,6.5808,0.4203
21-Sep-20,23-Sep-20,D,25,6.4516,7.0154,0.5638
21-Sep-20,23-Sep-20,D,26,6.9109,7.4708,0.5599
21-Sep-20,23-Sep-20,D,17,6.0803,7.1407,1.0604
21-Sep-20,23-Sep-20,E,1,7.9971,8.2635,0.2664
21-Sep-20,23-Sep-20,E,2,9.1238,12.7302,3.6064
21-Sep-20,23-Sep-20,C,10,5.8333,6.8589,1.0256
21-Sep-20,23-Sep-20,C,21,6.8375,8.4292,1.5917
21-Sep-20,23-Sep-20,C,17,7.0121,7.6187,0.6066
21-Sep-20,23-Sep-20,C,13,7.7489,7.8775,0.1286
21-Sep-20,23-Sep-20,C,15,7.2322,7.6259,0.3937
21-Sep-20,23-Sep-20,C,14,7.1541,8.8121,1.658
21-Sep-20,23-Sep-20,C,18,6.5437,6.8051,0.2614
21-Sep-20,23-Sep-20,C,12,6.6668,6.7493,0.0825
21-Sep-20,23-Sep-20,C,8,7.3114,7.7138,0.4024
21-Sep-20,23-Sep-20,A,7,6.5112,9.2877,2.7765
21-Sep-20,23-Sep-20,A,3,6.7827,7.3623,0.5796
21-Sep-20,23-Sep-20,A,9,7.6897,8.9702,1.2805
21-Sep-20,23-Sep-20,A,6,6.6296,7.2776,0.648
21-Sep-20,23-Sep-20,A,2,7.2132,7.4432,0.23
21-Sep-20,23-Sep-20,A,10,5.7804,7.7163,1.9359
21-Sep-20,23-Sep-20,A,1,7.1109,7.6749,0.564
21-Sep-20,23-Sep-20,A,4,6.4545,6.9227,0.4682
21-Sep-20,23-Sep-20,A,8,6.8912,8.3879,1.4967
23-Sep-20,25-Sep-20,C,10,7.1873,8.163,0.9757
23-Sep-20,25-Sep-20,C,22,6.3237,6.6313,0.3076
23-Sep-20,25-Sep-20,C,15,8.002,8.3635,0.3615
23-Sep-20,25-Sep-20,C,21,7.154,7.6126,0.4586
23-Sep-20,25-Sep-20,C,20,7.0189,8.3841,1.3652
23-Sep-20,25-Sep-20,C,17,7.4173,7.6502,0.2329
23-Sep-20,25-Sep-20,C,19,8.5309,9.7309,1.2
23-Sep-20,25-Sep-20,C,13,6.552,6.5733,0.0213
23-Sep-20,25-Sep-20,C,11,7.4013,7.3807,-0.0206
23-Sep-20,25-Sep-20,C,14,8.051,9.8708,1.8198
23-Sep-20,25-Sep-20,C,18,6.3285,6.4083,0.0798
23-Sep-20,25-Sep-20,D,24,6.272,6.3971,0.1251
23-Sep-20,25-Sep-20,D,19,7.163,7.6149,0.4519
23-Sep-20,25-Sep-20,D,17,5.364,5.6727,0.3087
23-Sep-20,25-Sep-20,D,20,6.6265,7.7722,1.1457
23-Sep-20,25-Sep-20,D,16,7.9066,7.8609,-0.0457
23-Sep-20,25-Sep-20,D,22,7.8097,9.3658,1.5561
23-Sep-20,25-Sep-20,D,26,7.3804,7.6937,0.3133
23-Sep-20,25-Sep-20,D,27,7.4853,7.6232,0.1379
23-Sep-20,25-Sep-20,D,25,7.797,8.3766,0.5796
23-Sep-20,25-Sep-20,D,23,7.8444,7.9533,0.1089
23-Sep-20,25-Sep-20,D,21,6.2637,6.2595,-0.0042
23-Sep-20,25-Sep-20,B,7,7.3679,13.2589,5.891
23-Sep-20,25-Sep-20,E,2,7.8544,10.0243,2.1699
23-Sep-20,25-Sep-20,E,1,7.6067,7.7443,0.1376
23-Sep-20,25-Sep-20,A,7,6.9852,10.1281,3.1429
23-Sep-20,25-Sep-20,A,9,6.9137,8.6316,1.7179
23-Sep-20,25-Sep-20,A,3,6.4094,6.5267,0.1173
23-Sep-20,25-Sep-20,A,6,5.5237,6.7503,1.2266
23-Sep-20,25-Sep-20,A,1,6.3217,6.5602,0.2385
23-Sep-20,25-Sep-20,A,10,7.76,10.5403,2.7803
23-Sep-20,25-Sep-20,A,2,7.3658,7.6181,0.2523
23-Sep-20,25-Sep-20,A,4,6.236,6.8307,0.5947
23-Sep-20,25-Sep-20,A,8,6.542,8.0034,1.4614
25-Sep-20,28-Sep-20,A,2,9.9595,10.1074,0.1479
25-Sep-20,28-Sep-20,A,4,7.394,7.6602,0.2662
25-Sep-20,28-Sep-20,A,10,7.9921,9.8587,1.8666
25-Sep-20,28-Sep-20,A,7,7.361,9.6888,2.3278
25-Sep-20,28-Sep-20,A,9,7.3576,8.1383,0.7807
25-Sep-20,28-Sep-20,A,6,6.3203,6.7347,0.4144
25-Sep-20,28-Sep-20,B,5,6.195,6.5384,0.3434
25-Sep-20,28-Sep-20,B,6,7.2976,7.5366,0.239
25-Sep-20,28-Sep-20,B,7,7.3956,8.7231,1.3275
25-Sep-20,28-Sep-20,C,22,8.26,9.5072,1.2472
25-Sep-20,28-Sep-20,C,10,7.3185,7.5928,0.2743
25-Sep-20,28-Sep-20,C,13,5.5137,5.6596,0.1459
25-Sep-20,28-Sep-20,C,17,7.5652,7.7368,0.1716
25-Sep-20,28-Sep-20,C,15,7.0637,7.5983,0.5346
25-Sep-20,28-Sep-20,C,18,7.8302,7.9431,0.1129
25-Sep-20,28-Sep-20,C,19,7.814,8.1409,0.3269
25-Sep-20,28-Sep-20,C,20,8.5834,9.2695,0.6861
25-Sep-20,28-Sep-20,D,19,7.6985,7.8234,0.1249
25-Sep-20,28-Sep-20,D,27,8.0988,8.2294,0.1306
25-Sep-20,28-Sep-20,D,22,8.3215,8.7289,0.4074
25-Sep-20,28-Sep-20,D,20,5.1276,5.6882,0.5606
25-Sep-20,28-Sep-20,D,18,6.7152,6.8613,0.1461
25-Sep-20,28-Sep-20,D,17,6.5515,6.7203,0.1688
25-Sep-20,28-Sep-20,D,25,7.0637,7.3064,0.2427
25-Sep-20,28-Sep-20,D,26,8.0127,8.1598,0.1471
25-Sep-20,28-Sep-20,E,2,7.3534,7.4071,0.0537
25-Sep-20,28-Sep-20,E,2,6.6922,7.1277,0.4355
25-Sep-20,28-Sep-20,C,14,8.0693,8.6918,0.6225
25-Sep-20,28-Sep-20,A,8,7.9013,8.7013,0.8
28-Sep-20,30-Sep-20,A,10,7.7233,8.189,0.4657
28-Sep-20,30-Sep-20,A,2,7.4282,7.4759,0.0477
28-Sep-20,30-Sep-20,A,1,6.2457,6.4217,0.176
28-Sep-20,30-Sep-20,A,8,7.7935,8.5709,0.7774
28-Sep-20,30-Sep-20,A,3,6.4391,6.7195,0.2804
28-Sep-20,30-Sep-20,A,6,7.9692,8.1737,0.2045
28-Sep-20,30-Sep-20,A,7,7.1319,7.6428,0.5109
28-Sep-20,30-Sep-20,A,9,7.3403,7.6746,0.3343
28-Sep-20,30-Sep-20,B,4,6.6388,6.8433,0.2045
28-Sep-20,30-Sep-20,B,7,6.9199,7.1509,0.231
28-Sep-20,30-Sep-20,B,5,7.2813,7.772,0.4907
28-Sep-20,30-Sep-20,B,6,7.8243,8.0108,0.1865
28-Sep-20,30-Sep-20,C,22,6.3268,6.5932,0.2664
28-Sep-20,30-Sep-20,C,15,8.1216,8.2013,0.0797
28-Sep-20,30-Sep-20,C,11,5.2733,5.4055,0.1322
28-Sep-20,30-Sep-20,C,21,6.4227,6.5753,0.1526
28-Sep-20,30-Sep-20,C,20,8.0585,8.1558,0.0973
28-Sep-20,30-Sep-20,C,19,7.5065,7.6408,0.1343
28-Sep-20,30-Sep-20,C,10,6.2926,6.5432,0.2506
28-Sep-20,30-Sep-20,D,18,7.8977,7.9699,0.0722
28-Sep-20,30-Sep-20,D,22,7.9854,8.1687,0.1833
28-Sep-20,30-Sep-20,D,20,6.9042,7.0182,0.114
28-Sep-20,30-Sep-20,E,2,7.1622,7.2512,0.089
30-Sep-20,2-Oct-20,D,22,4.1478,4.1945,0.0467
30-Sep-20,2-Oct-20,D,28,3.7424,3.8236,0.0812
30-Sep-20,2-Oct-20,B,4,4.1628,5.1099,0.9471
30-Sep-20,2-Oct-20,B,6,4.5754,4.7215,0.1461
30-Sep-20,2-Oct-20,B,5,4.4859,4.5414,0.0555
30-Sep-20,2-Oct-20,C,10,4.4454,4.9902,0.5448
30-Sep-20,2-Oct-20,C,22,3.9719,6.4114,2.4395
30-Sep-20,2-Oct-20,C,19,4.6141,4.6774,0.0633
30-Sep-20,2-Oct-20,C,20,3.7334,3.7625,0.0291
30-Sep-20,2-Oct-20,B,7,4.5282,6.3858,1.8576
30-Sep-20,2-Oct-20,A,9,4.5929,4.7946,0.2017
30-Sep-20,2-Oct-20,A,7,4.8408,5.3883,0.5475
30-Sep-20,2-Oct-20,A,8,4.0698,4.5449,0.4751
30-Sep-20,2-Oct-20,A,10,3.1782,3.2118,0.0336
30-Sep-20,2-Oct-20,A,3,4.3632,4.5677,0.2045
30-Sep-20,2-Oct-20,A,6,3.7215,3.914,0.1925
2-Oct-20,5-Oct-20,A,3,2.912,2.912,0
2-Oct-20,5-Oct-20,A,6,4.328,4.3868,0.0588
2-Oct-20,5-Oct-20,A,7,4.4009,4.4775,0.0766
2-Oct-20,5-Oct-20,A,8,3.0903,3.2819,0.1916
2-Oct-20,5-Oct-20,A,9,3.636,3.661,0.025
2-Oct-20,5-Oct-20,D,28,3.7868,4.4888,0.702
2-Oct-20,5-Oct-20,D,31,3.4723,4.15221,0.67991
2-Oct-20,5-Oct-20,C,10,3.7382,3.8984,0.1602
2-Oct-20,5-Oct-20,C,22,3.3339,4.0914,0.7575
2-Oct-20,5-Oct-20,C,23,3.6426,4.5118,0.8692
2-Oct-20,5-Oct-20,B,4,4.5953,4.6654,0.0701
2-Oct-20,5-Oct-20,B,5,3.8785,4.0728,0.1943
2-Oct-20,5-Oct-20,B,6,4.292,5.0102,0.7182
2-Oct-20,5-Oct-20,B,7,3.633,4.564,0.931
2-Oct-20,5-Oct-20,B,8,4.8771,6.2202,1.3431
5-Oct-20,7-Oct-20,A,8,3.8189,3.8189,0
5-Oct-20,7-Oct-20,B,4,3.6542,3.7229,0.0687
5-Oct-20,7-Oct-20,B,5,4.1907,5.6963,1.5056
5-Oct-20,7-Oct-20,B,6,4.9577,5.8105,0.8528
5-Oct-20,7-Oct-20,B,7,4.7977,8.3025,3.5048
5-Oct-20,7-Oct-20,B,8,5.5609,6.6033,1.0424
5-Oct-20,7-Oct-20,C,10,3.5994,3.7449,0.1455
5-Oct-20,7-Oct-20,C,20,3.9403,3.9403,0
5-Oct-20,7-Oct-20,C,23,8.3239,11.3932,3.0693
5-Oct-20,7-Oct-20,D,28,5.3362,5.7853,0.4491
5-Oct-20,7-Oct-20,D,29,4.7271,4.7987,0.0716
5-Oct-20,7-Oct-20,D,31,3.9291,4.3938,0.4647
7-Oct-20,9-Oct-20,B,4,3.9129,3.9251,0.0122
7-Oct-20,9-Oct-20,B,5,4.1361,5.3625,1.2264
7-Oct-20,9-Oct-20,B,6,3.7196,4.1609,0.4413
7-Oct-20,9-Oct-20,B,7,3.8097,9.3486,5.5389
7-Oct-20,9-Oct-20,B,8,4.9706,6.1441,1.1735
7-Oct-20,9-Oct-20,D,28,6.3515,6.6548,0.3033
7-Oct-20,9-Oct-20,D,29,3.4221,3.735,0.3129
7-Oct-20,9-Oct-20,D,30,5.7142,6.265,0.5508
7-Oct-20,9-Oct-20,D,31,3.439,3.8579,0.4189
7-Oct-20,9-Oct-20,D,33,4.8103,4.9735,0.1632
7-Oct-20,9-Oct-20,D,34,4.886,5.0971,0.2111
7-Oct-20,9-Oct-20,C,10,2.9923,2.9708,-0.0215
7-Oct-20,9-Oct-20,C,20,3.6282,3.5958,-0.0324
7-Oct-20,9-Oct-20,C,22,3.4266,6.5099,3.0833
7-Oct-20,9-Oct-20,C,23,4.5742,5.5547,0.9805
7-Oct-20,9-Oct-20,C,24,3.8407,3.9008,0.0601
7-Oct-20,9-Oct-20,C,25,5.5197,6.5848,1.0651
7-Oct-20,9-Oct-20,C,26,3.7048,4.0083,0.3035
7-Oct-20,9-Oct-20,C,27,3.5604,3.7752,0.2148
9-Oct-20,12-Oct-20,B,6,5.5936,5.6293,0.0357
9-Oct-20,12-Oct-20,B,7,5.4475,7.5455,2.098
9-Oct-20,12-Oct-20,B,8,4.3098,5.5132,1.2034
9-Oct-20,12-Oct-20,B,5,4.3495,4.4363,0.0868
9-Oct-20,12-Oct-20,B,4,5.1725,5.1839,0.0114
9-Oct-20,12-Oct-20,C,10,4.0175,4.0227,0.0052
9-Oct-20,12-Oct-20,C,27,4.2507,5.0269,0.7762
9-Oct-20,12-Oct-20,C,22,4.1011,4.4989,0.3978
9-Oct-20,12-Oct-20,C,23,4.7052,5.4022,0.697
9-Oct-20,12-Oct-20,C,24,4.4472,4.5448,0.0976
9-Oct-20,12-Oct-20,C,25,4.5806,5.6794,1.0988
9-Oct-20,12-Oct-20,C,26,4.2332,4.3117,0.0785
9-Oct-20,12-Oct-20,D,31,4.5411,5.1463,0.6052
9-Oct-20,12-Oct-20,D,28,4.2218,4.2384,0.0166
9-Oct-20,12-Oct-20,D,30,4.3916,5.7071,1.3155
9-Oct-20,12-Oct-20,D,32,3.9952,4.5833,0.5881
9-Oct-20,12-Oct-20,D,33,4.8642,4.9557,0.0915
9-Oct-20,12-Oct-20,D,34,4.9882,5.1527,0.1645
9-Oct-20,12-Oct-20,D,29,4.5641,5.1301,0.566
12-Oct-20,14-Oct-20,B,7,4.8888,5.1361,0.2473
12-Oct-20,14-Oct-20,B,6,4.6237,4.64435,0.02065
12-Oct-20,14-Oct-20,B,4,3.5562,3.514,-0.0422
12-Oct-20,14-Oct-20,B,8,4.247,4.9437,0.6967
12-Oct-20,14-Oct-20,C,22,4.3017,4.6116,0.3099
12-Oct-20,14-Oct-20,C,24,3.7529,3.8556,0.1027
12-Oct-20,14-Oct-20,C,23,4.2937,4.9034,0.6097
12-Oct-20,14-Oct-20,C,25,4.3463,4.6627,0.3164
12-Oct-20,14-Oct-20,C,27,4.1871,4.3936,0.2065
12-Oct-20,14-Oct-20,C,26,4.0528,4.0721,0.0193
12-Oct-20,14-Oct-20,C,29,4.4679,4.6065,0.1386
12-Oct-20,14-Oct-20,C,28,4.3313,5.2588,0.9275
12-Oct-20,14-Oct-20,D,33,3.9478,3.9945,0.0467
12-Oct-20,14-Oct-20,D,31,4.469,4.6956,0.2266
12-Oct-20,14-Oct-20,D,30,5.9604,6.3549,0.3945
12-Oct-20,14-Oct-20,D,29,4.6167,5.1972,0.5805
12-Oct-20,14-Oct-20,D,32,4.5378,4.9599,0.4221
12-Oct-20,14-Oct-20,D,36,4.0447,4.0985,0.0538
12-Oct-20,14-Oct-20,D,35,4.2786,4.3012,0.0226
12-Oct-20,14-Oct-20,D,34,5.1964,6.4733,1.2769
12-Oct-20,14-Oct-20,M,,4.1684,4.1925,0.0241
14-Oct-20,16-Oct-20,B,8,4.7438,5.387,0.6432
14-Oct-20,16-Oct-20,B,7,4.2243,4.354,0.1297
14-Oct-20,16-Oct-20,D,36,4.4388,5.8291,1.3903
14-Oct-20,16-Oct-20,D,32,4.7435,5.1431,0.3996
14-Oct-20,16-Oct-20,D,35,4.5452,5.9593,1.4141
14-Oct-20,16-Oct-20,D,34,4.733,8.4553,3.7223
14-Oct-20,16-Oct-20,D,31,4.2786,4.3338,0.0552
14-Oct-20,16-Oct-20,D,30,4.8033,4.9617,0.1584
14-Oct-20,16-Oct-20,D,29,4.0675,4.4774,0.4099
14-Oct-20,16-Oct-20,D,37,4.0034,4.5698,0.5664
14-Oct-20,16-Oct-20,D,38,4.0889,4.1869,0.098
14-Oct-20,16-Oct-20,D,39,4.461,5.4455,0.9845
14-Oct-20,16-Oct-20,D,42,4.0238,4.0191,-0.0047
14-Oct-20,16-Oct-20,C,23,3.9587,4.5422,0.5835
14-Oct-20,16-Oct-20,C,24,4.4146,5.0912,0.6766
14-Oct-20,16-Oct-20,C,28,3.9602,7.8259,3.8657
14-Oct-20,16-Oct-20,C,29,4.2517,6.1592,1.9075
14-Oct-20,16-Oct-20,C,25,4.0694,4.6721,0.6027
14-Oct-20,16-Oct-20,C,26,3.8254,4.1038,0.2784
14-Oct-20,16-Oct-20,C,22,4.1758,4.2931,0.1173
14-Oct-20,16-Oct-20,C,27,4.591,4.9737,0.3827
16-Oct-20,19-Oct-20,B,8,3.2655,3.2682,0.0027
16-Oct-20,19-Oct-20,M,,3.6262,4.0145,0.3883
16-Oct-20,19-Oct-20,M,,4.0871,4.3403,0.2532
16-Oct-20,19-Oct-20,D,42,3.7856,4.4925,0.7069
16-Oct-20,19-Oct-20,D,40,2.9574,3.3293,0.3719
16-Oct-20,19-Oct-20,D,32,7.324,7.4591,0.1351
16-Oct-20,19-Oct-20,D,41,3.5654,3.7016,0.1362
16-Oct-20,19-Oct-20,D,33,3.5706,3.8487,0.2781
16-Oct-20,19-Oct-20,D,38,3.8972,4.4742,0.577
16-Oct-20,19-Oct-20,D,37,3.6004,5.7181,2.1177
16-Oct-20,19-Oct-20,D,30,4.4659,4.4766,0.0107
16-Oct-20,19-Oct-20,D,34,4.7861,6.4639,1.6778
16-Oct-20,19-Oct-20,D,39,3.4728,4.7254,1.2526
16-Oct-20,19-Oct-20,D,29,3.6496,3.6518,0.0022
16-Oct-20,19-Oct-20,D,36,4.0734,5.2089,1.1355
16-Oct-20,19-Oct-20,C,26,3.2568,3.4968,0.24
16-Oct-20,19-Oct-20,C,22,3.1196,3.2139,0.0943
16-Oct-20,19-Oct-20,C,27,4.3013,4.977,0.6757
16-Oct-20,19-Oct-20,C,25,3.1578,3.68,0.5222
16-Oct-20,19-Oct-20,C,23,4.2126,4.2742,0.0616
16-Oct-20,19-Oct-20,C,29,4.2348,6.0389,1.8041
16-Oct-20,19-Oct-20,C,24,4.3446,4.7098,0.3652
16-Oct-20,19-Oct-20,D,35,4.2036,5.6324,1.4288
16-Oct-20,19-Oct-20,C,28,3.8647,6.6407,2.776
19-Oct-20,21-Oct-20,C,22,3.3265,3.384,0.0575
19-Oct-20,21-Oct-20,C,26,8.8679,9.2886,0.4207
19-Oct-20,21-Oct-20,C,24,4.7105,4.821,0.1105
19-Oct-20,21-Oct-20,C,27,4.1325,4.4377,0.3052
19-Oct-20,21-Oct-20,C,29,4.3491,5.7692,1.4201
19-Oct-20,21-Oct-20,C,25,7.0143,7.6212,0.6069
19-Oct-20,21-Oct-20,C,28,7.4715,8.6293,1.1578
19-Oct-20,21-Oct-20,D,36,4.03,4.2908,0.2608
19-Oct-20,21-Oct-20,D,40,3.4593,3.5242,0.0649
19-Oct-20,21-Oct-20,D,42,7.2284,9.2668,2.0384
19-Oct-20,21-Oct-20,D,39,7.4391,8.2644,0.8253
19-Oct-20,21-Oct-20,D,41,6.9294,8.4102,1.4808
19-Oct-20,21-Oct-20,D,38,3.5558,4.898,1.3422
19-Oct-20,21-Oct-20,D,34,4.5193,5.4554,0.9361
19-Oct-20,21-Oct-20,D,37,3.7737,5.3471,1.5734
19-Oct-20,21-Oct-20,D,33,4.9857,5.1687,0.183
19-Oct-20,21-Oct-20,D,32,4.2576,4.3684,0.1108
21-Oct-20,23-Oct-20,C,25,4.4844,4.7329,0.2485
21-Oct-20,23-Oct-20,C,32,3.9073,3.949,0.0417
21-Oct-20,23-Oct-20,C,30,4.3408,4.3854,0.0446
21-Oct-20,23-Oct-20,C,31,3.4587,3.571,0.1123
21-Oct-20,23-Oct-20,C,27,3.7953,3.92,0.1247
21-Oct-20,23-Oct-20,C,26,3.5046,3.6325,0.1279
21-Oct-20,23-Oct-20,C,29,3.4586,5.7229,2.2643
21-Oct-20,23-Oct-20,C,33,3.1433,3.3104,0.1671
21-Oct-20,23-Oct-20,D,42,8.2138,10.2148,2.001
21-Oct-20,23-Oct-20,D,39,3.2793,5.0784,1.7991
21-Oct-20,23-Oct-20,D,37,8.4744,11.8746,3.4002
21-Oct-20,23-Oct-20,D,38,4.3988,6.1744,1.7756
21-Oct-20,23-Oct-20,D,40,3.234,3.4988,0.2648
21-Oct-20,23-Oct-20,D,33,4.3028,4.3797,0.0769
21-Oct-20,23-Oct-20,D,34,3.6001,3.8633,0.2632
21-Oct-20,23-Oct-20,D,43,3.8688,4.2281,0.3593
21-Oct-20,23-Oct-20,D,41,3.3502,5.0309,1.6807
21-Oct-20,23-Oct-20,D,35,3.7175,3.7932,0.0757
23-Oct-20,26-Oct-20,A,12,5.2506,9.9282,4.6776
23-Oct-20,26-Oct-20,A,11,6.3144,6.6948,0.3804
23-Oct-20,26-Oct-20,E,4,5.528,8.6425,3.1145
23-Oct-20,26-Oct-20,E,3,5.3417,10.3978,5.0561
23-Oct-20,26-Oct-20,C,26,4.1588,4.2618,0.103
23-Oct-20,26-Oct-20,C,33,3.8046,4.9312,1.1266
23-Oct-20,26-Oct-20,C,25,4.7173,4.7536,0.0363
23-Oct-20,26-Oct-20,D,43,4.6309,4.806,0.1751
23-Oct-20,26-Oct-20,D,41,3.7474,4.6016,0.8542
23-Oct-20,26-Oct-20,D,39,3.717,5.794,2.077
23-Oct-20,26-Oct-20,D,38,3.9674,5.2989,1.3315
23-Oct-20,26-Oct-20,D,40,4.8554,4.9129,0.0575
23-Oct-20,26-Oct-20,D,42,3.7972,4.6281,0.8309
23-Oct-20,26-Oct-20,D,37,5.8476,7.77784,1.93024
23-Oct-20,26-Oct-20,D,45,4.2872,6.8028,2.5156
23-Oct-20,26-Oct-20,D,47,5.1642,6.8579,1.6937
26-Oct-20,28-Oct-20,A,11,2.8269,3.0567,0.2298
26-Oct-20,28-Oct-20,A,12,3.2275,3.9495,0.722
26-Oct-20,28-Oct-20,C,26,3.2386,3.2886,0.05
26-Oct-20,28-Oct-20,E,4,4.4744,4.9485,0.4741
26-Oct-20,28-Oct-20,E,3,3.5952,4.6455,1.0503
26-Oct-20,28-Oct-20,D,37,4.2,4.5525,0.3525
26-Oct-20,28-Oct-20,D,38,3.2002,3.9721,0.7719
26-Oct-20,28-Oct-20,D,41,3.6624,3.7396,0.0772
26-Oct-20,28-Oct-20,D,42,3.457,3.6602,0.2032
26-Oct-20,28-Oct-20,D,39,2.6988,3.3581,0.6593
26-Oct-20,28-Oct-20,D,43,3.7679,4.2767,0.5088
26-Oct-20,28-Oct-20,D,45,3.322,4.0662,0.7442
26-Oct-20,28-Oct-20,C,33,4.2487,4.4189,0.1702
26-Oct-20,28-Oct-20,C,30,3.1845,3.3652,0.1807
